outcome,a_vs_b
c_stunting,"34.888469296493, p = 0.008"
c_underweight,"28.3447281934496, p = 0.114"
c_wasting,"35.1022160697466, p = 0.082"
