exposure,mean_pred_e0_stunting,mean_pred_e1_stunting,mean_pred_e0_underweight,mean_pred_e1_underweight,mean_pred_e0_wasting,mean_pred_e1_wasting,marginal_stunting,marginal_underweight,marginal_wasting,sd_pred_e0_stunting,sd_pred_e1_stunting,sd_pred_e0_underweight,sd_pred_e1_underweight,sd_pred_e0_wasting,sd_pred_e1_wasting,sd_marginal_stunting,sd_marginal_underweight,sd_marginal_wasting
sum_e1_d,0.41015375380389085,0.36745977842753286,0.350540461157164,0.33519323279782615,0.1963293413318007,0.1873535474136285,0.042693975376357995,0.015347228359337828,0.008975793918172187,0.14194804930728513,0.12717230614842812,0.12153154610468392,0.11621069844911107,0.0837533743403393,0.07992433369399021,0.1905834309515205,0.1681512507614057,0.11576928275592496
sum_e2_d,0.40102318018530014,0.38375449016630697,0.3483987180768097,0.3355674352355701,0.1987299922518649,0.17693865545767976,0.01726869001899317,0.012831282841239633,0.021791336794185157,0.1400925798433544,0.13405997261561747,0.12060322788861157,0.11616149475839885,0.08488931446829628,0.07558094777012045,0.19390205564889387,0.1674473990292411,0.1136603509440604
