exposure,mean_pred_e0_stunting,mean_pred_e1_stunting,mean_pred_e0_underweight,mean_pred_e1_underweight,mean_pred_e0_wasting,mean_pred_e1_wasting,marginal_stunting,marginal_underweight,marginal_wasting,sd_pred_e0_stunting,sd_pred_e1_stunting,sd_pred_e0_underweight,sd_pred_e1_underweight,sd_pred_e0_wasting,sd_pred_e1_wasting,sd_marginal_stunting,sd_marginal_underweight,sd_marginal_wasting
sum_e1_d,0.4103047147798587,0.3671161144349162,0.35067583302733607,0.3348503776170872,0.19637081904876988,0.18725395810026657,0.043188600344942485,0.01582545541024888,0.009116860948503308,0.14731755750879896,0.1318109379505685,0.1275549188311069,0.12179856355879473,0.08471602079134087,0.0807829303993652,0.19767798591084165,0.1763665144039424,0.11705847266485062
sum_e2_d,0.40122486757458575,0.382807015901188,0.34859320077411204,0.3345915012749736,0.19881595931861795,0.17667887923417028,0.018417851673397767,0.014001699499138431,0.022137080084447674,0.14529200510586013,0.1386225117228934,0.1265399862653758,0.12145734306298973,0.08590723638540423,0.07634193097322875,0.20081326525915813,0.17539741819069707,0.1149266883195498
