exposure,mean_pred_e0_stunting,mean_pred_e1_stunting,mean_pred_e0_underweight,mean_pred_e1_underweight,mean_pred_e0_wasting,mean_pred_e1_wasting,marginal_stunting,marginal_underweight,marginal_wasting,sd_pred_e0_stunting,sd_pred_e1_stunting,sd_pred_e0_underweight,sd_pred_e1_underweight,sd_pred_e0_wasting,sd_pred_e1_wasting,sd_marginal_stunting,sd_marginal_underweight,sd_marginal_wasting
sum_e1_d,0.32322094006393404,0.2829292103510841,0.26981174514224526,0.26551636420578123,0.17930937460821325,0.1848501719489584,0.040291729712849944,0.004295380936464033,-0.0055407973407451405,0.13090803441039808,0.11458944088529799,0.11698315497918269,0.1151207927105563,0.07633296763653703,0.0786917149413886,0.17397601396629125,0.1641275585122448,0.10963169226376729
sum_e2_d,0.3163617072893987,0.28838600614360443,0.26886263629302687,0.2673574533280979,0.18379652185857076,0.16874550505793756,0.027975701145794285,0.0015051829649289639,0.015051016800633199,0.12845565952126575,0.117096392396166,0.11669542068326468,0.11604212068695632,0.07878049995283405,0.07232919926247183,0.1738172073623329,0.16457094209480072,0.10694802587597792
