outcome,a_vs_b
c_stunting,"0.895084282194148, p = 0.372"
c_underweight,"0.0193201465153834, p = 0.887"
c_wasting,"9.08323891832697, p = 0.004"
