outcome,a_vs_b
c_stunting,"15.1828581567679, p = 0"
c_underweight,"3.79940311748942, p = 0.075"
c_wasting,"1.00163021977642, p = 0.363"
