outcome,a_vs_b
c_stunting,"7.78366821509553, p = 0.004"
c_underweight,"2.5301015315199, p = 0.111"
c_wasting,"1.37896528950296, p = 0.279"
