outcome,a_vs_b
c_stunting,"7.08033043415344, p = 0.024"
c_underweight,"1.78928947515669, p = 0.214"
c_wasting,"0.0603286218611174, p = 0.816"
