Estimate,SE,dfcom,LCI,UCI,term,outcome,RR
-0.091055075314583,0.05900354333849737,12475,-0.20670202025803786,0.024591869628871846,exposure_estimate_centered at exposure_gt20_centered=0,c_stunting,"0.91 	(0.81, 1.02)"
-0.0571373102469785,0.04625690038991577,12475,-0.1478008350112134,0.03352621451725641,exposure_estimate_centered at exposure_gt20_centered=1,c_stunting,"0.94 	(0.86, 1.03)"
0.0339177650676045,0.014916729528227318,12475,0.004680975192278957,0.06315455494293004,Interaction of exposure_estimate_centered:exposure_gt20_centered,c_stunting,"1.03 	(1.00, 1.07)"
-0.008547371075944579,0.052357686869601044,12475,-0.11116843734036262,0.09407369518847346,exposure_estimate_centered at exposure_gt20_centered=0,c_underweight,"0.99 	(0.89, 1.10)"
0.008087916984001298,0.04141755684916433,12475,-0.07309049444036078,0.08926632840836338,exposure_estimate_centered at exposure_gt20_centered=1,c_underweight,"1.01 	(0.93, 1.09)"
0.016635288059945876,0.013326604928838899,12475,-0.009484857600578364,0.042755433720470117,Interaction of exposure_estimate_centered:exposure_gt20_centered,c_underweight,"1.02 	(0.99, 1.04)"
0.03872240115233677,0.058700707676705974,12475,-0.07633098589400693,0.15377578819868049,exposure_estimate_centered at exposure_gt20_centered=0,c_wasting,"1.04 	(0.93, 1.17)"
0.04196219348172281,0.046205849693721705,12475,-0.04860127191797173,0.13252565888141735,exposure_estimate_centered at exposure_gt20_centered=1,c_wasting,"1.04 	(0.95, 1.14)"
0.003239792329386039,0.014486857491423618,12475,-0.025154448353804253,0.03163403301257633,Interaction of exposure_estimate_centered:exposure_gt20_centered,c_wasting,"1.00 	(0.98, 1.03)"
