outcome,a_vs_b
c_stunting,"0.868137838828261, p = 0.365"
c_underweight,"0.434658941885573, p = 0.493"
c_wasting,"11.8880608036925, p = 0.001"
