outcome,a_vs_b
c_stunting,"16.0586057925539, p = 0"
c_underweight,"3.5908482852974, p = 0.083"
c_wasting,"1.08801497134118, p = 0.345"
