outcome,a_vs_b
c_stunting,"15.337826418996, p = 0"
c_underweight,"4.34702527236368, p = 0.057"
c_wasting,"1.0523317183397, p = 0.349"
