outcome,a_vs_b
c_stunting,"29.5021377743687, p = 0"
c_underweight,"9.14695397565083, p = 0.005"
c_wasting,"4.5933201518128, p = 0.062"
