exposure,mean_pred_e0_stunting,mean_pred_e1_stunting,mean_pred_e0_underweight,mean_pred_e1_underweight,mean_pred_e0_wasting,mean_pred_e1_wasting,marginal_stunting,marginal_underweight,marginal_wasting,sd_pred_e0_stunting,sd_pred_e1_stunting,sd_pred_e0_underweight,sd_pred_e1_underweight,sd_pred_e0_wasting,sd_pred_e1_wasting,sd_marginal_stunting,sd_marginal_underweight,sd_marginal_wasting
sum_e1_d,0.410153753803891,0.36745977842753413,0.35054046115716503,0.3351932327978261,0.19632934133180122,0.18735354741362883,0.042693975376356885,0.015347228359338938,0.008975793918172381,0.1419480493072849,0.12717230614842803,0.1215315461046846,0.11621069844911137,0.08375337434034087,0.07992433369399166,0.19058343095152028,0.1681512507614064,0.1157692827559271
sum_e2_d,0.40102318018530003,0.38375449016631014,0.3483987180768103,0.3355674352355717,0.19872999225186588,0.17693865545767856,0.017268690018989896,0.012831282841238578,0.02179133679418732,0.1400925798433542,0.13405997261561822,0.12060322788861226,0.1161614947583996,0.084889314468298,0.07558094777012124,0.19390205564889423,0.16744739902924213,0.11366035094406221
