exposure,mean_pred_e0_stunting,mean_pred_e1_stunting,mean_pred_e0_underweight,mean_pred_e1_underweight,mean_pred_e0_wasting,mean_pred_e1_wasting,marginal_stunting,marginal_underweight,marginal_wasting,sd_pred_e0_stunting,sd_pred_e1_stunting,sd_pred_e0_underweight,sd_pred_e1_underweight,sd_pred_e0_wasting,sd_pred_e1_wasting,sd_marginal_stunting,sd_marginal_underweight,sd_marginal_wasting
sum_e1_d,0.32293389985689336,0.28356593478961234,0.26960367011901565,0.2660710278302172,0.17929968338721206,0.1848752991464598,0.03936796506728102,0.00353264228879846,-0.005575615759247754,0.12267891107547835,0.10772346945769921,0.1086886667202636,0.10726450888072288,0.07581476031126606,0.07817234379601873,0.16326194012895037,0.1527052754126432,0.10889808637261572
sum_e2_d,0.31612713866006975,0.28948695609120273,0.2686399900497634,0.2687199810477201,0.183777608494148,0.16881797203001034,0.02664018256886702,-7.999099795669151e-5,0.014959636464137671,0.12043710032912544,0.11028780927353268,0.10852782129462449,0.10856013684351153,0.07824007274050199,0.07187127158612806,0.16330491728678273,0.15350436901417464,0.10624024031338605
