exposure,mean_pred_e0_stunting,mean_pred_e1_stunting,mean_pred_e0_underweight,mean_pred_e1_underweight,mean_pred_e0_wasting,mean_pred_e1_wasting,marginal_stunting,marginal_underweight,marginal_wasting,sd_pred_e0_stunting,sd_pred_e1_stunting,sd_pred_e0_underweight,sd_pred_e1_underweight,sd_pred_e0_wasting,sd_pred_e1_wasting,sd_marginal_stunting,sd_marginal_underweight,sd_marginal_wasting
sum_e1_d,0.32293389985689475,0.283565934789613,0.26960367011901576,0.2660710278302172,0.17929968338721167,0.1848752991464594,0.03936796506728174,0.003532642288798571,-0.005575615759247726,0.12267891107547846,0.10772346945769926,0.10868866672026326,0.10726450888072239,0.07581476031126584,0.07817234379601846,0.16326194012895048,0.15270527541264262,0.10889808637261536
sum_e2_d,0.3161271386600709,0.2894869560912037,0.26863999004976347,0.2687199810477204,0.18377760849414773,0.1688179720300095,0.026640182568867243,-7.999099795691356e-5,0.014959636464138226,0.12043710032912558,0.11028780927353272,0.10852782129462403,0.10856013684351129,0.07824007274050176,0.07187127158612763,0.16330491728678287,0.15350436901417414,0.10624024031338561
